iter	Logloss
0	0.5957821089
1	0.5297395068
2	0.4876204306
3	0.4554353292
4	0.436955316
5	0.4166577802
6	0.4080215748
7	0.3969094704
8	0.3914863715
